id,lifeaware,liferefer,norefs,rolelab,rolelabel
164,1,0,27.5,3,Nurse
27,1,1,0,1,Physician
33,1,0,2,3,Nurse
37,1,0,0,3,Nurse
38,1,1,3,1,Physician
39,0,0,10,1,Physician
40,1,1,11,1,Physician
42,0,0,200,1,Physician
43,1,0,0,3,Nurse
48,1,1,0,5,Scheduler/Other
49,1,0,0,5,Scheduler/Other
159,1,1,10,5,Scheduler/Other
54,1,1,15,4,Social Worker
158,1,0,0,1,Physician
56,0,0,0,2,NP/PA
59,1,0,10,3,Nurse
155,1,0,0,5,Scheduler/Other
63,1,1,25,1,Physician
156,1,0,0,1,Physician
68,1,1,0,5,Scheduler/Other
69,1,0,101,2,NP/PA
162,1,0,0,1,Physician
75,1,0,0,1,Physician
78,0,0,2,5,Scheduler/Other
81,1,1,50,1,Physician
160,1,1,10,5,Scheduler/Other
88,1,0,5,3,Nurse
157,1,0,30,1,Physician
92,1,1,10,4,Social Worker
95,1,0,50,3,Nurse
96,1,1,12.5,3,Nurse
97,0,0,0,5,Scheduler/Other
98,1,1,0,3,Nurse
100,1,0,20,1,Physician
101,1,0,15,5,Scheduler/Other
105,1,0,150,5,Scheduler/Other
107,1,0,75,4,Social Worker
110,0,0,20,2,NP/PA
111,1,1,20,2,NP/PA
112,1,1,0,5,Scheduler/Other
118,1,0,66,5,Scheduler/Other
120,1,0,25,4,Social Worker
121,0,0,0,5,Scheduler/Other
122,0,0,5,1,Physician
123,1,1,3,3,Nurse
124,1,0,100,1,Physician
126,1,0,0,5,Scheduler/Other
128,1,0,0,5,Scheduler/Other
134,1,1,3,3,Nurse
137,0,0,20,1,Physician
142,1,1,0,3,Nurse
144,1,0,51,5,Scheduler/Other
146,1,0,0,3,Nurse
148,1,0,100,3,Nurse
149,0,0,0,5,Scheduler/Other
2,0,0,0,5,Scheduler/Other
6,1,1,20,1,Physician
7,1,0,5,3,Nurse
8,0,1,0,5,Scheduler/Other
9,0,0,0,5,Scheduler/Other
10,1,0,10,5,Scheduler/Other
14,1,0,0,4,Social Worker
15,0,0,0,1,Physician
17,1,0,0,5,Scheduler/Other
22,1,0,0,3,Nurse
23,0,0,20,1,Physician
24,1,0,100,4,Social Worker
161,1,0,0,2,NP/PA
163,1,1,20,1,Physician